{
    "4G": {
        "XGBoost": {
            "MAE": 0.7174889445304871,
            "MSE": 0.5872243642807007
        },
        "NGBoost": {
            "MAE": 0.730555125219638,
            "MSE": 0.5949846306662278
        }
    },
    "5G_NSA": {
        "XGBoost": {
            "MAE": 0.8195855021476746,
            "MSE": 0.9907491207122803
        },
        "NGBoost": {
            "MAE": 0.8281549301490873,
            "MSE": 0.9941351779463656
        }
    },
    "5G_SA": {
        "XGBoost": {
            "MAE": 0.5695027112960815,
            "MSE": 0.3312908709049225
        },
        "NGBoost": {
            "MAE": 0.5370391076388126,
            "MSE": 0.2977400846620457
        }
    }
}