{
    "4G": {
        "xgb_model": {
            "mae": 0.653842568397522,
            "rmse": 0.6786587834358215,
            "r2": -9.470296859741211,
            "mae_nat": 0.754747926475142,
            "rmse_nat": 0.7720931791391588,
            "crps": 0.653842568397522
        },
        "ngb_model": {
            "mae": 0.6332790517379694,
            "rmse": 0.6674871586383099,
            "r2": -9.128424283775683,
            "mae_nat": 0.7255364188278988,
            "rmse_nat": 0.7536280807707296,
            "crps": 0.40116131427996904
        }
    },
    "5G_NSA": {
        "xgb_model": {
            "mae": 0.009857863187789917,
            "rmse": 0.009857863187789917,
            "r2": NaN,
            "mae_nat": 0.011164358255095763,
            "rmse_nat": 0.011164358255095763,
            "crps": 0.009857863187789917
        },
        "ngb_model": {
            "mae": 0.044172748072265525,
            "rmse": 0.044172748072265525,
            "r2": NaN,
            "mae_nat": 0.04957857144969702,
            "rmse_nat": 0.04957857144969702,
            "crps": 0.22698675543376295
        }
    },
    "5G_SA": {
        "xgb_model": {
            "mae": 0.42972874641418457,
            "rmse": 0.53408282995224,
            "r2": -1.60945463180542,
            "mae_nat": 0.8834027575380445,
            "rmse_nat": 1.1221902218411204,
            "crps": 0.42972874641418457
        },
        "ngb_model": {
            "mae": 0.4065231354864602,
            "rmse": 0.536698141707867,
            "r2": -1.635073272531566,
            "mae_nat": 0.8445954481189928,
            "rmse_nat": 1.1279298614935644,
            "crps": 0.3389195629689039
        }
    }
}